{"parent":"legacy/entities/duck/body","display":{"head":{"rotation":[0,90,0],"translation":[0,0,0],"scale":[4.800000000000001,4.800000000000001,4.800000000000001]}}}